date,region,course,off_time,race,type,dist_band,class,tip,tip_score,tip_odds,position,sp_dec,win_return,pick_order,top3
2025-07-05,OTHER,Beverley,2:13,Matthew Ireland Memorial EBF Novice Stakes (GBB Race),Novice,≤1m,Class 5,Strength Of Spirit,61.88,2/1,2,3.5,0.0,1,Strength Of Spirit (61.88) | Vincenzo Peruggia (49.085) | Dunkeld Dreamer (42.11)
2025-07-05,OTHER,Beverley,2:48,EBF Maiden Stakes (GBB/IRE Incentive Race),Maiden,≤1m,Class 5,Mo Of Cairo,39.955,13/8,1,2.0,2.0,2,Mission Classified (41.275) | Mo Of Cairo (39.955) | Come On Over (39.925)
2025-07-05,OTHER,Beverley,3:23,George Kilburn Memorial Handicap,Handicap,≤1m,Class 5,Angelic Bugler,57.025,15/2,9,15.0,0.0,1,Angelic Bugler (57.025) | Cheerleader (54.99) | Brazilian Belle (52.675)
2025-07-05,OTHER,Beverley,3:58,Charlie Wood Stakes (Listed Race),Stakes,≤1m,Class 1,Teumessias Fox,242.5,10/3,4,6.5,0.0,1,Teumessias Fox (242.5) | Candleford (237.0) | Karmology (230.2)
2025-07-05,OTHER,Beverley,4:33,Weatherbys Global Stallions App Coconut Cup Fillies' Handicap,Handicap,≤1m,Class 4,Blast The Dream,77.155,7/2,5,4.5,0.0,1,Blast The Dream (77.155) | Manila Thriller (77.045) | Take A Breath (67.68)
2025-07-05,OTHER,Beverley,5:05,Whatwouldyouknow Andy Dearing 65th Birthday Handicap,Handicap,≤1m,Class 5,Mister Daydream,59.215,9/2,6,4.5,0.0,1,Mister Daydream (59.215) | Dandy's Angel (58.365) | Squeezebox (57.345)
2025-07-05,OTHER,Beverley,5:42,Weatherbys Racing Bank Handicap,Handicap,≤1m,Class 6,I Can Boogy,56.625,12/1,5,15.0,0.0,1,I Can Boogy (56.625) | Dolly's Delight (50.98) | Toota (50.49)
2025-07-05,OTHER,Carlisle,5:00,"Caledonia Park ""Sarah's Journey"" Handicap (For Pro-Am Female Jockeys) (Grassroots Sprint Qualifier)",Handicap,≤1m,Class 5,Sirius White,61.235,16/1,10,29.0,0.0,1,Sirius White (61.235) | Ramon Di Loria (57.46) | Sacred Falls (51.645)
2025-07-05,OTHER,Carlisle,5:37,PricedUp.Bet Handicap (For Pro-Am Female Jockeys) (Grassroots Stayers Qualifier),Handicap,1m5f–2m,Class 5,Animato,48.775,22/1,4,34.0,0.0,1,Animato (48.775) | Bollin Neil (43.255) | Different Drum (40.175)
2025-07-05,OTHER,Carlisle,6:12,"Caledonia Park ""Jade MacPherson"" Handicap (Professional Female Jockeys) (Grassroots Mile Qualifier)",Handicap,≤1m,Class 4,On The River,79.445,5/1,4,9.0,0.0,1,On The River (79.445) | Redarna (79.38) | Yermanthere (65.575)
2025-07-05,OTHER,Carlisle,6:42,PricedUp Handicap (For Professional And Amateur Female Jockeys) (Div I),Handicap,≤1m,Class 6,Diligent Henry,29.92,8/1,7,12.0,0.0,2,Arranmore (30.42) | Diligent Henry (29.92) | Martin's Brig (27.33)
2025-07-05,OTHER,Carlisle,7:12,PricedUp Handicap (For Professional And Amateur Female Jockeys) (Div II),Handicap,≤1m,Class 6,Mile By Mile,32.29,7/2,2,5.5,0.0,1,Mile By Mile (32.29) | Tonal (25.5) | Shark Two One (25.35)
2025-07-05,OTHER,Carlisle,7:42,PricedUp Daily Sports Boosts Handicap (For Professional And Amateur Female Jockeys),Handicap,≤1m,Class 5,Chillhi,50.4,10/3,5,5.5,0.0,1,Chillhi (50.4) | Ravenscraig Castle (44.26) | Masekela (42.125)
2025-07-05,OTHER,Carlisle,8:12,Grand Caledonia Finale Handicap (For Professional And Amateur Female Jockeys),Handicap,1m1f–1m4f,Class 5,Anjo Bonita,69.67,33/1,5,26.0,0.0,1,Anjo Bonita (69.67) | Milteye (67.03) | Destinado (55.685)
2025-07-05,OTHER,Haydock,1:30,Bet Boost At bet365 Handicap,Handicap,≤1m,Class 4,Mission Command,70.27,12/1,5,12.0,0.0,1,Mission Command (70.27) | Luna A Inbhir Nis (67.115) | I'm Next (64.58)
2025-07-05,OTHER,Haydock,2:05,bet365 Handicap (GBBPlus Race),Handicap,≤1m,Class 2,Way Of Stars,224.4,8/1,4,8.0,0.0,1,Way Of Stars (224.4) | Last Galileo (207.3) | Pole Star (206.6)
2025-07-05,OTHER,Haydock,2:40,bet365 Lancashire Oaks (Group 2) (Fillies & Mares),Group,≤1m,Class 1,Estrange,219.7,4/11,1,1.29,1.29,1,Estrange (219.7) | Scenic (209.2) | Nuit (185.2)
2025-07-05,OTHER,Haydock,3:15,bet365 Old Newton Cup Handicap (GBBPlus Race),Handicap,≤1m,Class 2,Sol Cayo,264.3,20/1,8,29.0,0.0,1,Sol Cayo (264.3) | Plage De Havre (227.2) | Sportingsilvermine (221.8)
2025-07-05,OTHER,Haydock,3:50,Eachway Extra At bet365 Handicap,Handicap,≤1m,Class 4,American Bay,68.23,9/1,11,12.0,0.0,1,American Bay (68.23) | Animate (65.025) | Expert Agent (64.825)
2025-07-05,OTHER,Haydock,4:25,Never Ordinary At bet365 Handicap,Handicap,≤1m,Class 2,King's Lynn,225.0,10/1,1,15.0,15.0,1,King's Lynn (225.0) | Bobby Bennu (218.0) | Intrusively (210.3)
2025-07-05,OTHER,Haydock,4:55,Best Odds Guaranteed At bet365 Handicap,Handicap,≤1m,Class 3,Tattie Bogle,68.825,28/1,8,26.0,0.0,1,Tattie Bogle (68.825) | Sea Baaeed (63.69) | The Dragon King (63.35)
2025-07-05,OTHER,Leicester,4:03,Discover Dark Horse Wines Selling Stakes,Stakes,≤1m,Class 3,Mare Of London,55.105,7/4,2,3.0,0.0,1,Mare Of London (55.105) | Davvy (54.725) | Woody Y Fernandez (45.665)
2025-07-05,OTHER,Leicester,4:38,Dark Horse Cabernet Sauvignon EBF Novice Stakes (GBB Race),Novice,≤1m,Class 5,Express Train,47.045,14/1,1,10.0,10.0,1,Express Train (47.045) | Marquis Pompeo (21.265) | Nardra (12.235)
2025-07-05,OTHER,Leicester,5:10,Dark Horse Chardonnay Handicap,Handicap,1m1f–1m4f,Class 6,Offiah's Boy,58.93,7/1,2,8.5,0.0,1,Offiah's Boy (58.93) | Bandello (58.66) | Sansanetti (39.41)
2025-07-05,OTHER,Leicester,5:47,High Noon Pineapple Vodka Soda Handicap,Handicap,≤1m,Class 5,This Farh,63.635,2/1,3,4.0,0.0,1,This Farh (63.635) | Megalithic (60.81) | Panelli (59.17)
2025-07-05,OTHER,Leicester,6:18,High Noon Black Cherry Vodka Soda Handicap,Handicap,≤1m,Class 6,Optimatum,53.115,10/11,3,1.62,0.0,1,Optimatum (53.115) | Cuban Fiesta (51.6) | Pessoa (44.325)
2025-07-05,OTHER,Leicester,6:48,Mark West Pinot Noir Fillies' Handicap,Handicap,≤1m,Class 5,My Awele,56.105,6/1,1,4.33,4.33,1,My Awele (56.105) | Sunshine Soul (54.485) | Vaunted (46.135)
2025-07-05,OTHER,Nottingham,5:53,Joy Silvester Barbering Handicap,Handicap,≤1m,Class 5,Fire Flame,67.295,9/2,8,4.5,0.0,1,Fire Flame (67.295) | Chuti Manika (64.375) | Emperor Caradoc (61.365)
2025-07-05,OTHER,Nottingham,6:23,N & L Franklin Developments Ltd Novice Stakes (GBB/IRE Incentive Race),Novice,≤1m,Class 4,Silent Applause,60.095,1/4,1,1.25,1.25,1,Silent Applause (60.095) | Dazzling Haze (37.87) | Black Endeavour (23.62)
2025-07-05,OTHER,Nottingham,6:53,Springfield Builders Branston Handicap (Jockey Club Grassroots Stayers Series Qualifier),Handicap,1m5f–2m,Class 6,Hidden Pearl,66.16,9/1,4,6.0,0.0,1,Hidden Pearl (66.16) | Lednikov (45.775) | Addosh (43.62)
2025-07-05,OTHER,Nottingham,7:23,N & L Franklin Developments Ltd Handicap,Handicap,≤1m,Class 4,Jungle Land,71.195,5/1,5,6.5,0.0,1,Jungle Land (71.195) | Spirit Of Applause (64.96) | Bona Fortuna (62.575)
2025-07-05,OTHER,Nottingham,7:53,Joy Silvester Barbering Novice Stakes (GBB Race),Novice,≤1m,Class 4,In The City,68.975,7/4,2,2.62,0.0,1,In The City (68.975) | Ziggy's Triton (48.815) | Princess Vivi (14.715)
2025-07-05,OTHER,Nottingham,8:23,N & L Franklin Groundworks Handicap,Handicap,≤1m,Class 6,Queen's Palace,49.345,10/1,8,13.0,0.0,1,Queen's Palace (49.345) | Bebside (48.0) | Sir Wootton (47.625)
2025-07-05,OTHER,Nottingham,8:53,Derek Shaw Racing Handicap,Handicap,≤1m,Class 6,Shady Bay,55.68,4/1,1,3.5,3.5,1,Shady Bay (55.68) | Desert Of The Sea (49.485) | Hawa Jumeirah (48.605)
2025-07-05,OTHER,Sandown,1:50,Coral Charge (Group 3) (Registered As The Sprint Stakes),Stakes,≤1m,Class 1,Rumstar,239.8,9/1,1,6.5,6.5,1,Rumstar (239.8) | West Acre (236.0) | Queen All Star (230.1)
2025-07-05,OTHER,Sandown,2:25,Coral Challenge (Handicap),Handicap,≤1m,Class 2,Classic Encounter,230.7,15/2,4,5.0,0.0,1,Classic Encounter (230.7) | Two Tempting (218.1) | Classic (216.5)
2025-07-05,OTHER,Sandown,3:00,Coral Distaff (Listed Race) (Fillies),Listed,≤1m,Class 1,Blue Bolt,236.9,7/4,1,3.0,3.0,1,Blue Bolt (236.9) | Bermuda Longtail (235.7) | Suite Francaise (210.0)
2025-07-05,OTHER,Sandown,3:35,Coral-Eclipse (Group 1),Group,≤1m,Class 1,Ruling Court,261.1,15/2,3,5.0,0.0,1,Ruling Court (261.1) | Ombudsman (253.5) | Camille Pissarro (245.3)
2025-07-05,OTHER,Sandown,4:12,Coral Celebrating 50 Year Eclipse Sponsorship Handicap,Handicap,≤1m,Class 3,Dance In The Storm,79.69,5/2,4,2.38,0.0,1,Dance In The Storm (79.69) | Arctic Grey (68.515) | City Of Poets (68.035)
2025-07-05,OTHER,Sandown,4:45,"Coral ""Pipped-At-The-Post"" And Win Handicap",Handicap,≤1m,Class 4,Jupiter Ammon,71.28,5/1,2,3.5,0.0,1,Jupiter Ammon (71.28) | Troy Story (67.605) | Antelope (66.56)
2025-07-05,OTHER,Sandown,5:15,Coral Golden Rewards Shaker Handicap,Handicap,≤1m,Class 2,Best Adventure,232.2,3/1,4,3.25,0.0,1,Best Adventure (232.2) | Arabian Light (228.9) | Flying Frontier (202.3)
2025-07-05,OTHER,Bellewstown,5:30,Dickie McGuinness Novice Hurdle,Novice,1m5f–2m,Unknown,Mick Collins,82.69,11/8,2,2.1,0.0,1,Mick Collins (82.69) | Chortal (67.875) | Marvellous Margo (34.025)
2025-07-05,OTHER,Bellewstown,6:00,Grimme Ireland Maiden Hurdle,Maiden,1m5f–2m,Unknown,Encosta,71.915,3/1,3,4.5,0.0,1,Encosta (71.915) | De Temps En Temps (71.095) | Take Chance (41.82)
2025-07-05,OTHER,Bellewstown,6:30,QuinnBet Bellewstown Handicap Hurdle,Handicap,1m5f–2m,Unknown,Bowensonfire,86.375,7/1,1,8.0,8.0,1,Bowensonfire (86.375) | Raydamann (81.06) | Black Heather (79.2)
2025-07-05,OTHER,Bellewstown,7:00,SIS Supporting Irish Racing Mares Maiden Hurdle,Maiden,1m5f–2m,Unknown,Fillusin,74.715,7/2,5,3.25,0.0,2,Sugar Cookie (89.715) | Fillusin (74.715) | Doyen Lady (55.13)
2025-07-05,OTHER,Bellewstown,7:30,Adare Manor Opportunity Handicap Hurdle,Handicap,1m5f–2m,Unknown,Dee's Getaway,53.6,8/1,4,13.0,0.0,3,Tea It Is (64.245) | Cois Fharraige (61.645) | Dee's Getaway (53.6)
2025-07-05,OTHER,Bellewstown,8:00,Johnny's Race Day Handicap Hurdle,Handicap,≤1m,Unknown,Aspurofthemoment,75.63,11/4,3,3.0,0.0,1,Aspurofthemoment (75.63) | Howdoyalikeherhome (75.505) | Tullyveery Lad (69.44)
2025-07-05,OTHER,Bellewstown,8:30,J.H. McLoughlin Oil INH Flat Race,Other,1m5f–2m,Unknown,Stede Bonnet,44.405,5/2,1,2.62,2.62,1,Stede Bonnet (44.405) | Noble Name (34.24) | Minella Emperor (32.625)
2025-07-05,OTHER,Naas,1:57,EMS Copiers Irish EBF Fillies Maiden (IRE Incentive Race),Maiden,≤1m,Unknown,Practical Move,50.265,40/1,9,51.0,0.0,1,Practical Move (50.265) | Fleur De Rose (36.135) | War Saint (32.79)
2025-07-05,OTHER,Naas,2:32,Irish EBF Median Sires Series Race,Other,≤1m,Unknown,Howd'yadoit,52.865,4/1,2,7.5,0.0,1,Howd'yadoit (52.865) | Sir Alfie (48.545) | The Piper's Call (39.575)
2025-07-05,OTHER,Naas,3:07,GMC Group Supporting Naas GAA Senior Football Race Day Apprentice Handicap,Handicap,≤1m,Unknown,Carrigans Grove,51.815,10/3,3,5.5,0.0,1,Carrigans Grove (51.815) | Hell Left Loose (46.025) | American In Paris (43.185)
2025-07-05,OTHER,Naas,3:42,Irish Stallion Farms EBF Fillies & Mares Handicap,Handicap,≤1m,Unknown,Aurora Nova,66.78,4/1,3,2.75,0.0,1,Aurora Nova (66.78) | White Clover (57.745) | Kwa Herini (52.18)
2025-07-05,OTHER,Naas,4:17,Irish EBF Pat Smullen Stakes (Listed Race),Stakes,≤1m,Class 1,North Coast,177.7,6/4,2,3.0,0.0,1,North Coast (177.7) | Daytona (167.2) | Green Soul (157.8)
2025-07-05,OTHER,Naas,4:50,Gener8 Engineering Handicap,Handicap,≤1m,Unknown,Elvetham,48.93,5/1,6,7.0,0.0,1,Elvetham (48.93) | Galaxy Wonder (47.78) | Vervain (45.35)
2025-07-05,OTHER,Naas,5:20,TRM Calphormin Rated Race,Other,≤1m,Unknown,Storm Piece,76.415,7/2,1,1.91,1.91,1,Storm Piece (76.415) | First Wave (74.315) | Mathan (69.335)
